TDSFU Daily run: Mon Oct 27 14:24:20 UTC 2025 TDSFU
TDSFU Daily run: Tue Oct 28 04:34:12 UTC 2025 TDSFU
TDSFU Daily run: Wed Oct 29 04:38:48 UTC 2025 TDSFU
TDSFU Daily run: Thu Oct 30 04:33:43 UTC 2025 TDSFU
TDSFU Daily run: Fri Oct 31 04:35:59 UTC 2025 TDSFU
TDSFU Daily run: Sat Nov  1 04:31:53 UTC 2025 TDSFU
TDSFU Daily run: Sun Nov  2 04:33:46 UTC 2025 TDSFU
TDSFU Daily run: Mon Nov  3 04:39:59 UTC 2025 TDSFU
TDSFU Daily run: Tue Nov  4 04:34:20 UTC 2025 TDSFU
TDSFU Daily run: Wed Nov  5 04:34:49 UTC 2025 TDSFU
TDSFU Daily run: Thu Nov  6 04:38:59 UTC 2025 TDSFU
TDSFU Daily run: Fri Nov  7 04:34:11 UTC 2025 TDSFU
TDSFU Daily run: Sat Nov  8 04:32:44 UTC 2025 TDSFU
TDSFU Daily run: Sun Nov  9 04:33:27 UTC 2025 TDSFU
